{
  "data_storage": {
    "distance_pos": [
      0.0,
      0.0,
      0.0
    ],
    "spawn_pos": [
      448.0,
      88.0,
      144.0
    ]
  },
  "shapes": {
    "shapes": [
      {
        "type": "can_spawn_sphere",
        "color": 1621114960,
        "enabled": false,
        "display_name": "Can Spawn Sphere ( \u003e 24)",
        "render_type": "outer_edge",
        "layers": {
          "mode": "ALL",
          "axis": "y",
          "layer_single": 0,
          "layer_above": 0,
          "layer_below": 0,
          "layer_range_min": 0,
          "layer_range_max": 0,
          "hotkey_range_min": false,
          "hotkey_range_max": false
        },
        "snap": "center",
        "combine_quads": false,
        "center": [
          1335.5,
          161.0,
          11530.5
        ],
        "main_axis": "UP",
        "radius": 24.0,
        "margin": 0.0
      },
      {
        "type": "despawn_sphere",
        "color": 1621114960,
        "enabled": true,
        "display_name": "Despawn Sphere ( \u003e 128)",
        "render_type": "outer_edge",
        "layers": {
          "mode": "ALL",
          "axis": "y",
          "layer_single": 0,
          "layer_above": 0,
          "layer_below": 0,
          "layer_range_min": 0,
          "layer_range_max": 0,
          "hotkey_range_min": false,
          "hotkey_range_max": false
        },
        "snap": "center",
        "combine_quads": false,
        "center": [
          1335.5,
          161.0,
          11530.5
        ],
        "main_axis": "UP",
        "radius": 128.0,
        "margin": 1.5
      }
    ]
  }
}