{
  "data_storage": {
    "distance_pos": [
      0.0,
      0.0,
      0.0
    ],
    "seed": 5926801874353835818,
    "spawn_pos": [
      2402.0,
      188.0,
      1033.0
    ],
    "spawn_chunk_radius": 2
  },
  "shapes": {
    "shapes": [
      {
        "type": "despawn_sphere",
        "color": 1621114960,
        "enabled": true,
        "display_name": "Despawn Sphere ( \u003e 128)",
        "render_type": "outer_edge",
        "layers": {
          "mode": "ALL",
          "axis": "y",
          "layer_single": 0,
          "layer_above": 0,
          "layer_below": 0,
          "layer_range_min": 0,
          "layer_range_max": 0,
          "hotkey_range_min": false,
          "hotkey_range_max": false
        },
        "snap": "center",
        "combine_quads": false,
        "center": [
          2414.5,
          186.0,
          1082.5
        ],
        "main_axis": "UP",
        "radius": 128.0,
        "margin": 1.5
      }
    ]
  }
}