{
  "selections": {
    "mode": "SIMPLE"
  },
  "placements": {},
  "schematic_projects_manager": {},
  "operation_mode": "GRID_PASTE",
  "render_range": {
    "mode": "SINGLE_LAYER",
    "axis": "y",
    "layer_single": 59,
    "layer_above": 0,
    "layer_below": 109,
    "layer_range_min": 0,
    "layer_range_max": 0,
    "hotkey_range_min": false,
    "hotkey_range_max": false
  },
  "area_simple": {
    "name": "Dirt Farm",
    "current": "Dirt Farm",
    "boxes": [
      {
        "pos1": [
          27,
          43,
          -505
        ],
        "pos2": [
          64,
          93,
          -485
        ],
        "name": "Dirt Farm"
      }
    ]
  },
  "tool_mode_data": {
    "delete": {
      "use_placement": false
    }
  }
}