{
  "selections": {
    "mode": "SIMPLE"
  },
  "placements": {
    "placements": [
      {
        "schematic": "C:\\Users\\camer\\AppData\\Roaming\\PrismLauncher\\instances\\Fabulously Optimized(1)\\.minecraft\\schematics\\Safe Obsidian V2 (End).litematic",
        "name": "Safe Obsidian V2 (End)",
        "origin": [
          93,
          36,
          -9
        ],
        "rotation": "NONE",
        "mirror": "NONE",
        "ignore_entities": false,
        "enabled": true,
        "enable_render": true,
        "render_enclosing_box": false,
        "locked": false,
        "locked_coords": 0,
        "bb_color": 8404597,
        "verifier_type": "all",
        "placements": [
          {
            "name": "Safe Obsidian V2 (End)",
            "placement": {
              "pos": [
                21,
                16,
                0
              ],
              "name": "Safe Obsidian V2 (End)",
              "rotation": "NONE",
              "mirror": "NONE",
              "locked_coords": 0,
              "enabled": true,
              "rendering_enabled": true,
              "ignore_entities": false
            }
          }
        ]
      }
    ],
    "selected": 0,
    "origin_selected": true
  },
  "schematic_projects_manager": {},
  "operation_mode": "SCHEMATIC_PLACEMENT",
  "render_range": {
    "mode": "ALL_BELOW",
    "axis": "y",
    "layer_single": 40,
    "layer_above": 0,
    "layer_below": 52,
    "layer_range_min": 0,
    "layer_range_max": 0,
    "hotkey_range_min": false,
    "hotkey_range_max": false
  },
  "area_simple": {
    "name": "Unnamed",
    "current": "Unnamed",
    "boxes": [
      {
        "pos1": [
          -11,
          0,
          0
        ],
        "pos2": [
          -11,
          0,
          0
        ],
        "name": "Unnamed"
      }
    ]
  },
  "tool_mode_data": {
    "delete": {
      "use_placement": false
    }
  }
}