{
  "selections": {
    "mode": "SIMPLE"
  },
  "placements": {},
  "schematic_projects_manager": {},
  "operation_mode": "SCHEMATIC_PLACEMENT",
  "render_range": {
    "mode": "ALL",
    "axis": "y",
    "layer_single": 105,
    "layer_above": 0,
    "layer_below": 66,
    "layer_range_min": 0,
    "layer_range_max": 0,
    "hotkey_range_min": false,
    "hotkey_range_max": false
  },
  "area_simple": {
    "name": "Alice\u0027s Hand",
    "current": "Alice\u0027s Hand",
    "boxes": [
      {
        "pos1": [
          -202,
          105,
          -472
        ],
        "pos2": [
          -226,
          63,
          -514
        ],
        "name": "Alice\u0027s Hand"
      }
    ]
  },
  "tool_mode_data": {
    "delete": {
      "use_placement": false
    }
  }
}