{
  "selections": {
    "mode": "SIMPLE"
  },
  "placements": {
    "placements": [
      {
        "schematic": "C:\\Users\\camer\\AppData\\Roaming\\PrismLauncher\\instances\\Fabulously Optimized(1)\\.minecraft\\schematics\\WORKING SAND FARM 14KHR.litematic",
        "name": "WORKING SAND FARM 14K/HR",
        "origin": [
          -18,
          132,
          19
        ],
        "rotation": "NONE",
        "mirror": "NONE",
        "ignore_entities": false,
        "enabled": true,
        "enable_render": true,
        "render_enclosing_box": false,
        "locked": false,
        "locked_coords": 0,
        "bb_color": 16738304,
        "verifier_type": "all",
        "placements": [
          {
            "name": "WORKING SAND FARM 14K/HR",
            "placement": {
              "pos": [
                0,
                13,
                0
              ],
              "name": "WORKING SAND FARM 14K/HR",
              "rotation": "NONE",
              "mirror": "NONE",
              "locked_coords": 0,
              "enabled": true,
              "rendering_enabled": true,
              "ignore_entities": false
            }
          }
        ]
      }
    ],
    "selected": 0,
    "origin_selected": true
  },
  "schematic_projects_manager": {},
  "operation_mode": "PASTE_SCHEMATIC",
  "render_range": {
    "mode": "ALL",
    "axis": "y",
    "layer_single": 0,
    "layer_above": 0,
    "layer_below": 0,
    "layer_range_min": 0,
    "layer_range_max": 0,
    "hotkey_range_min": false,
    "hotkey_range_max": false
  },
  "area_simple": {
    "name": "ROCKET CRAFTER",
    "current": "ROCKET CRAFTER",
    "boxes": [
      {
        "pos1": [
          20,
          60,
          -22
        ],
        "pos2": [
          25,
          56,
          -19
        ],
        "name": "ROCKET CRAFTER"
      }
    ]
  },
  "tool_mode_data": {
    "delete": {
      "use_placement": false
    }
  }
}