{
  "selections": {
    "mode": "SIMPLE"
  },
  "placements": {},
  "schematic_projects_manager": {},
  "operation_mode": "PASTE_SCHEMATIC",
  "render_range": {
    "mode": "ALL",
    "axis": "y",
    "layer_single": 0,
    "layer_above": 0,
    "layer_below": 0,
    "layer_range_min": 0,
    "layer_range_max": 0,
    "hotkey_range_min": false,
    "hotkey_range_max": false
  },
  "area_simple": {
    "name": "permits",
    "current": "permits",
    "boxes": [
      {
        "pos1": [
          -7,
          49,
          3
        ],
        "pos2": [
          17,
          61,
          -16
        ],
        "name": "permits"
      }
    ]
  },
  "tool_mode_data": {
    "delete": {
      "use_placement": false
    }
  }
}