{
  "selections": {
    "mode": "SIMPLE"
  },
  "placements": {},
  "schematic_projects_manager": {},
  "operation_mode": "AREA_SELECTION",
  "render_range": {
    "mode": "ALL",
    "axis": "y",
    "layer_single": 76,
    "layer_above": 0,
    "layer_below": 109,
    "layer_range_min": 0,
    "layer_range_max": 0,
    "hotkey_range_min": false,
    "hotkey_range_max": false
  },
  "area_simple": {
    "name": "snifferfarm",
    "current": "snifferfarm",
    "boxes": [
      {
        "pos1": [
          194,
          66,
          -30
        ],
        "pos2": [
          199,
          71,
          -25
        ],
        "name": "snifferfarm"
      }
    ]
  },
  "tool_mode_data": {
    "delete": {
      "use_placement": false
    }
  }
}