{
  "selections": {
    "mode": "SIMPLE"
  },
  "placements": {},
  "schematic_projects_manager": {},
  "operation_mode": "AREA_SELECTION",
  "render_range": {
    "mode": "ALL",
    "axis": "y",
    "layer_single": 112,
    "layer_above": 0,
    "layer_below": -38,
    "layer_range_min": 0,
    "layer_range_max": 0,
    "hotkey_range_min": false,
    "hotkey_range_max": false
  },
  "area_simple": {
    "name": "Sculk Farm",
    "current": "Sculk Farm",
    "boxes": [
      {
        "pos1": [
          207,
          0,
          20
        ],
        "pos2": [
          231,
          34,
          42
        ],
        "name": "Sculk Farm"
      }
    ]
  },
  "tool_mode_data": {
    "delete": {
      "use_placement": false
    }
  }
}