{
  "selections": {
    "mode": "SIMPLE"
  },
  "placements": {
    "placements": [
      {
        "schematic": "C:\\Users\\camer\\AppData\\Roaming\\PrismLauncher\\instances\\Fabulously Optimized(1)\\.minecraft\\schematics\\Redstone Caravan.litematic",
        "name": "Redstone Caravan",
        "origin": [
          5,
          10,
          -15
        ],
        "rotation": "NONE",
        "mirror": "NONE",
        "ignore_entities": false,
        "enabled": true,
        "enable_render": true,
        "render_enclosing_box": false,
        "locked": false,
        "locked_coords": 0,
        "bb_color": 16757504,
        "verifier_type": "all",
        "placements": [
          {
            "name": "Redstone Caravan",
            "placement": {
              "pos": [
                10,
                0,
                11
              ],
              "name": "Redstone Caravan",
              "rotation": "NONE",
              "mirror": "NONE",
              "locked_coords": 0,
              "enabled": true,
              "rendering_enabled": true,
              "ignore_entities": false
            }
          }
        ]
      },
      {
        "schematic": "C:\\Users\\camer\\AppData\\Roaming\\PrismLauncher\\instances\\Fabulously Optimized(1)\\.minecraft\\schematics\\trenchMakerDoubleSpeed.litematic",
        "name": "trencher",
        "origin": [
          159,
          13,
          -285
        ],
        "rotation": "NONE",
        "mirror": "NONE",
        "ignore_entities": false,
        "enabled": true,
        "enable_render": true,
        "render_enclosing_box": false,
        "locked": false,
        "locked_coords": 0,
        "bb_color": 8404597,
        "verifier_type": "all",
        "placements": [
          {
            "name": "trencher",
            "placement": {
              "pos": [
                0,
                0,
                273
              ],
              "name": "trencher",
              "rotation": "NONE",
              "mirror": "NONE",
              "locked_coords": 0,
              "enabled": true,
              "rendering_enabled": true,
              "ignore_entities": false
            }
          }
        ]
      }
    ],
    "selected": 1,
    "origin_selected": true
  },
  "schematic_projects_manager": {},
  "operation_mode": "PASTE_SCHEMATIC",
  "render_range": {
    "mode": "ALL",
    "axis": "y",
    "layer_single": 0,
    "layer_above": 0,
    "layer_below": 0,
    "layer_range_min": 0,
    "layer_range_max": 0,
    "hotkey_range_min": false,
    "hotkey_range_max": false
  },
  "area_simple": {
    "name": "Sahara Mini Shop 2.0 by cqm3ron",
    "current": "Sahara Mini Shop 2.0 by cqm3ron",
    "boxes": [
      {
        "pos1": [
          200,
          111,
          783
        ],
        "pos2": [
          214,
          96,
          762
        ],
        "name": "Sahara Mini Shop 2.0 by cqm3ron"
      }
    ]
  },
  "tool_mode_data": {
    "delete": {
      "use_placement": false
    }
  }
}