{
  "selections": {
    "mode": "SIMPLE"
  },
  "placements": {
    "placements": [
      {
        "schematic": "C:\\Users\\camer\\AppData\\Roaming\\PrismLauncher\\instances\\Fabulously Optimized(1)\\.minecraft\\schematics\\530_afkworldeater_1.13_v1.1.litematic",
        "name": "530wide afkworldeater 1.13 v1.1",
        "origin": [
          -3557,
          83,
          -3569
        ],
        "rotation": "NONE",
        "mirror": "NONE",
        "ignore_entities": false,
        "enabled": true,
        "enable_render": true,
        "render_enclosing_box": false,
        "locked": false,
        "locked_coords": 0,
        "bb_color": 10927575,
        "verifier_type": "all",
        "placements": [
          {
            "name": "centre chunk (align to chunk border)",
            "placement": {
              "pos": [
                -8,
                0,
                -8
              ],
              "name": "centre chunk (align to chunk border)",
              "rotation": "NONE",
              "mirror": "NONE",
              "locked_coords": 0,
              "enabled": true,
              "rendering_enabled": true,
              "ignore_entities": false
            }
          },
          {
            "name": "return side",
            "placement": {
              "pos": [
                -249,
                88,
                262
              ],
              "name": "return side",
              "rotation": "NONE",
              "mirror": "NONE",
              "locked_coords": 0,
              "enabled": true,
              "rendering_enabled": true,
              "ignore_entities": false
            }
          },
          {
            "name": "trench alignment",
            "placement": {
              "pos": [
                265,
                0,
                265
              ],
              "name": "trench alignment",
              "rotation": "NONE",
              "mirror": "NONE",
              "locked_coords": 0,
              "enabled": true,
              "rendering_enabled": true,
              "ignore_entities": false
            }
          },
          {
            "name": "tnt side",
            "placement": {
              "pos": [
                263,
                1,
                -263
              ],
              "name": "tnt side",
              "rotation": "NONE",
              "mirror": "NONE",
              "locked_coords": 0,
              "enabled": true,
              "rendering_enabled": true,
              "ignore_entities": false
            }
          }
        ]
      }
    ],
    "selected": 0,
    "origin_selected": true
  },
  "schematic_projects_manager": {},
  "operation_mode": "SCHEMATIC_PLACEMENT",
  "render_range": {
    "mode": "ALL",
    "axis": "y",
    "layer_single": 0,
    "layer_above": 0,
    "layer_below": 0,
    "layer_range_min": 0,
    "layer_range_max": 0,
    "hotkey_range_min": false,
    "hotkey_range_max": false
  },
  "area_simple": {
    "name": "Unnamed",
    "current": "Unnamed",
    "boxes": [
      {
        "pos1": [
          0,
          0,
          0
        ],
        "pos2": [
          0,
          0,
          0
        ],
        "name": "Unnamed"
      }
    ]
  },
  "tool_mode_data": {
    "delete": {
      "use_placement": false
    }
  }
}