{
  "selections": {
    "mode": "SIMPLE"
  },
  "placements": {},
  "schematic_projects_manager": {},
  "operation_mode": "SCHEMATIC_PLACEMENT",
  "render_range": {
    "mode": "ALL",
    "axis": "y",
    "layer_single": 0,
    "layer_above": 0,
    "layer_below": 0,
    "layer_range_min": 0,
    "layer_range_max": 0,
    "hotkey_range_min": false,
    "hotkey_range_max": false
  },
  "area_simple": {
    "name": "Tree Stump Furnished and Redstoned",
    "current": "Tree Stump Furnished and Redstoned",
    "boxes": [
      {
        "pos1": [
          403,
          166,
          1004
        ],
        "pos2": [
          370,
          187,
          971
        ],
        "name": "Tree Stump Furnished and Redstoned"
      }
    ]
  },
  "tool_mode_data": {
    "delete": {
      "use_placement": false
    }
  }
}