{
  "selections": {
    "mode": "SIMPLE"
  },
  "placements": {},
  "schematic_projects_manager": {},
  "operation_mode": "SCHEMATIC_PLACEMENT",
  "render_range": {
    "mode": "ALL_BELOW",
    "axis": "y",
    "layer_single": 95,
    "layer_above": 0,
    "layer_below": 111,
    "layer_range_min": 0,
    "layer_range_max": 0,
    "hotkey_range_min": false,
    "hotkey_range_max": false
  },
  "area_simple": {
    "name": "import3",
    "current": "import3",
    "boxes": [
      {
        "pos1": [
          1196,
          76,
          548
        ],
        "pos2": [
          1196,
          76,
          548
        ],
        "name": "import3"
      }
    ]
  },
  "tool_mode_data": {
    "delete": {
      "use_placement": false
    }
  }
}