{
  "selections": {
    "mode": "SIMPLE"
  },
  "placements": {},
  "schematic_projects_manager": {},
  "operation_mode": "AREA_SELECTION",
  "render_range": {
    "mode": "ALL",
    "axis": "y",
    "layer_single": 0,
    "layer_above": 0,
    "layer_below": 0,
    "layer_range_min": 0,
    "layer_range_max": 0,
    "hotkey_range_min": false,
    "hotkey_range_max": false
  },
  "area_simple": {
    "name": "Smelter",
    "current": "Smelter",
    "boxes": [
      {
        "pos1": [
          -143,
          68,
          54
        ],
        "pos2": [
          -149,
          73,
          27
        ],
        "name": "Smelter"
      }
    ]
  },
  "tool_mode_data": {
    "delete": {
      "use_placement": false
    }
  }
}