{
  "selections": {
    "mode": "SIMPLE"
  },
  "placements": {
    "placements": [
      {
        "schematic": "C:\\Users\\camer\\AppData\\Roaming\\PrismLauncher\\instances\\Fabulously Optimized(1)\\.minecraft\\schematics\\123k Cobblestone Farm with Storage.litematic",
        "name": "123k Cobblestone Farm with Storage",
        "origin": [
          -14,
          25,
          -25
        ],
        "rotation": "NONE",
        "mirror": "NONE",
        "ignore_entities": false,
        "enabled": true,
        "enable_render": true,
        "render_enclosing_box": false,
        "locked": false,
        "locked_coords": 0,
        "bb_color": 16738304,
        "verifier_type": "all",
        "placements": [
          {
            "name": "123k Cobblestone Farm with Storage",
            "placement": {
              "pos": [
                10,
                25,
                11
              ],
              "name": "123k Cobblestone Farm with Storage",
              "rotation": "NONE",
              "mirror": "NONE",
              "locked_coords": 0,
              "enabled": true,
              "rendering_enabled": true,
              "ignore_entities": false
            }
          }
        ]
      }
    ],
    "selected": 0,
    "origin_selected": true
  },
  "schematic_projects_manager": {},
  "operation_mode": "PASTE_SCHEMATIC",
  "render_range": {
    "mode": "ALL",
    "axis": "y",
    "layer_single": 79,
    "layer_above": 0,
    "layer_below": 66,
    "layer_range_min": 0,
    "layer_range_max": 0,
    "hotkey_range_min": false,
    "hotkey_range_max": false
  },
  "area_simple": {
    "name": "import3",
    "current": "import3",
    "boxes": [
      {
        "pos1": [
          1196,
          76,
          548
        ],
        "pos2": [
          1196,
          76,
          548
        ],
        "name": "import3"
      }
    ]
  },
  "tool_mode_data": {
    "delete": {
      "use_placement": false
    }
  }
}