{
  "skipWarning": true,
  "enableEncryption": false,
  "encryptPublic": true,
  "showEncryptionButton": true,
  "showEncryptionIndicators": true,
  "encryptionKey": "fOKmYrn4uTFEkmVnvUl+CQ\u003d\u003d",
  "encryptionPassphrase": "",
  "algorithmName": "AES/ECB+Base64",
  "encryptableCommands": [
    "msg:1",
    "w:1",
    "whisper:1",
    "tell:1",
    "r:0",
    "dm:1",
    "me:0",
    "m:1",
    "t:1",
    "pm:1",
    "emsg:1",
    "epm:1",
    "etell:1",
    "ewhisper:1",
    "message:1",
    "reply:0"
  ]
}